{"chunk_definitions":[{"row":63,"row_count":1,"visible":true,"expansion_state":0,"options":{"engine":"r","label":"unnamed-chunk-30","dev":"png"},"document_id":"DE97F4FE","chunk_id":"csh5saa2xunae","chunk_label":"unnamed-chunk-1"},{"row":69,"row_count":1,"visible":true,"expansion_state":0,"options":{"engine":"r","label":"unnamed-chunk-31","dev":"png"},"document_id":"DE97F4FE","chunk_id":"cb5vmh5pcwn00","chunk_label":"unnamed-chunk-2"},{"row":77,"row_count":1,"visible":true,"expansion_state":0,"options":{"engine":"r","include":true,"warning":false,"label":"unnamed-chunk-32","dev":"png"},"document_id":"DE97F4FE","chunk_id":"cefqpoz53jden","chunk_label":"unnamed-chunk-3"},{"row":89,"row_count":1,"visible":true,"expansion_state":0,"options":{"engine":"r","label":"unnamed-chunk-35","dev":"png"},"document_id":"DE97F4FE","chunk_id":"c1k9mavwv695n","chunk_label":"unnamed-chunk-4"},{"row":95,"row_count":1,"visible":true,"expansion_state":0,"options":{"engine":"r","label":"unnamed-chunk-47","dev":"png"},"document_id":"DE97F4FE","chunk_id":"c6xbxmsgfmgob","chunk_label":"unnamed-chunk-5"}],"doc_write_time":1733253890,"chunk_rendered_width":686}