{"working_dir":null,"default_chunk_options":{},"chunk_definitions":[{"row":30,"row_count":1,"visible":true,"expansion_state":0,"options":{"engine":"r","label":"setup","include":false,"dev":"png"},"document_id":"7B0F06A5","chunk_id":"csetup_chunk","chunk_label":"setup"},{"row":64,"row_count":1,"visible":true,"expansion_state":0,"options":{"engine":"r","label":"unnamed-chunk-24","dev":"png"},"document_id":"7B0F06A5","chunk_id":"c2xf3ekam7rqg","chunk_label":"unnamed-chunk-2"}],"doc_write_time":1733247339}